millis,unix_time,engine_rpm,vehicle_speed,engine_load_pct,maf_flow,coolant_temp,control_module_v,egr_duty_pct,intake_air_temp_c,dpf_zone_temp_c,dpf_diff_pressure_hpa,egt_before_dpf_c,dpf_dist_since_regen_mi,odometer_mi,dpf_regen_active,dpf_regen_burning,dpf_soot_level_g,intercooler_temp_c,eps_speed_kmh,eps_steering_deg,eps_voltage_v,dpf_odo_at_last_regen_mi
15320,,888.500,,,,,,,,,,,,,,,,,,,,
16470,,888.500,0.000,63.922,7.330,,,,,,,,,,,,,,,,,
17620,,888.500,0.000,63.922,7.330,34.000,14.020,3.529,25.000,,,,,,,,,,,,,
18822,,,,,,34.000,14.020,3.529,25.000,42.000,9.000,99.013,11.749,125414.891,0.000,0.000,1.961,35.000,0.000,244.400,12.600,125403.141
19844,,888.500,0.000,63.137,7.520,34.000,14.020,3.529,25.000,42.000,9.000,99.013,11.749,125414.891,0.000,0.000,1.961,35.000,0.000,244.400,12.600,125403.141
20945,,887.000,0.000,63.137,7.520,34.000,14.020,12.941,25.000,42.000,9.000,99.013,11.749,125414.891,0.000,0.000,1.961,35.000,0.000,244.400,12.600,125403.141
21970,,888.000,0.000,61.569,7.410,34.000,14.020,12.941,25.000,42.000,9.000,99.013,11.749,125414.891,0.000,0.000,1.961,35.000,0.000,244.400,12.600,125403.141
22970,,888.000,0.000,63.137,7.440,34.000,14.020,15.294,25.000,42.000,9.000,99.013,11.749,125414.891,0.000,0.000,1.961,35.000,0.000,244.400,12.600,125403.141
24070,,888.000,0.000,63.137,7.440,34.000,14.020,15.294,25.000,43.900,9.000,99.013,11.749,125414.891,0.000,0.000,1.961,35.000,0.000,244.400,12.600,125403.141
25244,,886.500,0.000,63.529,7.330,34.000,14.020,15.294,25.000,43.900,9.000,99.013,11.749,125414.891,0.000,0.000,1.961,36.000,0.000,244.400,12.600,125403.141
26245,,886.500,0.000,61.961,7.360,34.000,14.020,5.882,25.000,43.900,9.000,99.013,11.749,125414.891,0.000,0.000,1.961,36.000,0.000,244.400,12.600,125403.141
27245,,885.000,0.000,63.922,7.300,34.000,14.020,5.882,25.000,43.900,9.000,99.013,11.749,125414.891,0.000,0.000,1.961,36.000,0.000,244.400,12.600,125403.141
28295,,886.000,0.000,61.176,7.300,34.000,14.020,5.882,25.000,43.900,9.000,99.013,11.749,125414.891,0.000,0.000,1.961,36.000,0.000,244.400,12.600,125403.141
29420,,885.500,0.000,62.745,7.270,34.000,14.020,3.922,25.000,43.900,9.000,99.013,11.749,125414.891,0.000,0.000,1.961,36.000,0.000,244.400,12.600,125403.141
30546,,885.500,0.000,62.745,7.470,34.000,14.020,3.922,25.000,45.900,9.000,99.013,11.749,125414.891,0.000,0.000,1.961,36.000,0.000,244.400,12.600,125403.141
31570,,885.000,0.000,61.961,7.470,34.000,14.020,3.922,25.000,45.900,9.000,99.013,11.749,125414.891,0.000,0.000,1.961,36.000,0.000,244.400,12.600,125403.141
32622,,885.000,0.000,62.745,7.440,34.000,14.020,5.882,25.000,45.900,9.000,99.013,11.749,125414.891,0.000,0.000,1.961,36.000,0.000,244.400,12.600,125403.141
33644,,886.500,0.000,61.569,7.360,34.000,14.020,5.882,25.000,45.900,9.000,99.013,11.749,125414.891,0.000,0.000,1.961,36.000,0.000,244.400,12.600,125403.141
34645,,884.000,0.000,61.961,7.360,35.000,14.020,5.882,25.000,45.900,9.000,99.013,11.749,125414.891,0.000,0.000,1.961,36.000,0.000,244.400,12.600,125403.141
35669,,884.000,0.000,61.569,7.380,35.000,14.060,14.510,25.000,45.900,9.000,99.013,11.749,125414.891,0.000,0.000,1.961,36.000,0.000,244.400,12.600,125403.141
36670,,884.500,0.000,61.569,7.380,35.000,14.060,14.510,25.000,45.900,9.000,99.013,11.749,125414.891,0.000,0.000,1.961,36.000,0.000,244.400,12.600,125403.141
37719,,980.500,0.000,61.569,7.380,35.000,14.060,14.510,25.000,45.900,9.000,99.013,11.749,125414.891,0.000,0.000,1.961,36.000,0.000,244.100,12.400,125403.141
38746,,980.500,0.000,29.804,7.380,35.000,13.980,7.451,25.000,45.900,11.000,99.013,11.749,125414.891,0.000,0.000,1.961,36.000,0.000,244.100,12.400,125403.141
39869,,1008.000,1.000,67.843,10.360,35.000,13.980,7.451,25.000,47.800,11.000,99.013,11.749,125414.891,0.000,0.000,1.961,37.000,0.000,244.100,12.400,125403.141
40994,,957.500,1.000,46.275,7.830,35.000,13.980,7.451,25.000,47.800,10.000,99.013,11.749,125414.891,0.000,0.000,1.961,37.000,0.000,244.100,12.400,125403.141
42020,,877.500,2.000,46.275,7.830,35.000,14.060,5.490,25.000,47.800,10.000,99.013,11.749,125414.891,0.000,0.000,1.961,37.000,0.000,244.100,12.400,125403.141
43145,,877.500,2.000,49.412,7.550,35.000,14.060,5.490,25.000,47.800,9.000,99.013,11.750,125414.891,0.000,0.000,1.961,37.000,0.000,244.100,12.400,125403.141
44171,,883.500,1.000,47.843,7.360,35.000,14.060,5.490,25.000,49.700,9.000,99.013,11.750,125414.891,0.000,0.000,1.961,37.000,0.000,-85.600,12.500,125403.141
45196,,891.000,0.000,47.843,7.360,35.000,14.020,9.804,25.000,49.700,9.000,99.013,11.750,125414.891,0.000,0.000,1.961,37.000,0.000,-85.600,12.500,125403.141
46220,,1144.000,0.000,74.902,9.830,35.000,14.020,9.804,25.000,49.700,9.000,99.013,11.750,125414.891,0.000,0.000,1.961,37.000,0.000,-85.600,12.500,125403.141
47345,,1144.000,1.000,45.882,7.830,35.000,14.020,9.804,25.000,49.700,10.000,99.013,11.750,125414.891,0.000,0.000,1.961,37.000,0.000,-85.600,12.500,125403.141
48470,,890.000,2.000,49.804,7.830,35.000,14.020,1.961,25.000,49.700,9.000,99.013,11.750,125414.891,0.000,0.000,1.961,37.000,0.000,-85.600,12.500,125403.141
49595,,879.000,2.000,50.196,7.630,36.000,14.020,1.961,25.000,49.700,9.000,99.013,11.751,125414.891,0.000,0.000,1.961,37.000,2.000,-427.500,12.400,125403.141
50620,,876.000,1.000,51.765,7.470,36.000,14.040,1.961,25.000,49.700,9.000,99.013,11.751,125414.891,0.000,0.000,1.961,37.000,2.000,-427.500,12.400,125403.141
51644,,883.500,1.000,49.020,7.490,36.000,14.040,17.647,25.000,49.700,9.000,99.013,11.752,125414.898,0.000,0.000,1.961,37.000,2.000,-427.500,12.400,125403.148
52969,,1016.000,0.000,96.863,9.130,36.000,14.040,17.647,25.000,49.700,9.000,99.013,11.752,125414.898,0.000,0.000,1.961,38.000,2.000,-427.500,12.400,125403.148
54094,,897.000,1.000,52.941,7.970,36.000,14.020,16.471,25.000,51.700,9.000,99.013,11.752,125414.898,0.000,0.000,1.961,38.000,2.000,-427.500,12.400,125403.148
55122,,897.000,1.000,53.725,7.970,36.000,14.020,16.471,25.000,51.700,9.000,99.013,11.753,125414.898,0.000,0.000,1.961,38.000,2.000,-427.500,12.400,125403.148
56146,,883.500,2.000,57.255,7.610,36.000,14.020,16.471,25.000,51.700,9.000,99.013,11.753,125414.898,0.000,0.000,1.961,38.000,2.000,-82.700,12.500,125403.148
57196,,871.000,1.000,57.255,7.610,36.000,14.020,18.039,25.000,51.700,9.000,99.013,11.753,125414.898,0.000,0.000,1.961,38.000,2.000,-82.700,12.500,125403.148
58196,,846.000,1.000,74.510,7.220,36.000,14.020,18.039,25.000,51.700,9.000,99.013,11.753,125414.898,0.000,0.000,1.961,38.000,2.000,-82.700,12.500,125403.148
59321,,963.500,0.000,98.431,7.910,36.000,14.020,18.039,25.000,51.700,9.000,99.013,11.754,125414.898,0.000,0.000,1.961,38.000,2.000,-82.700,12.500,125403.148
60444,,976.500,2.000,95.686,9.720,36.000,14.020,2.353,25.000,51.700,10.000,99.013,11.754,125414.898,0.000,0.000,1.961,38.000,2.000,-82.700,12.500,125403.148
61470,,1007.000,3.000,83.922,8.610,37.000,14.020,2.353,25.000,51.700,10.000,99.013,11.754,125414.898,0.000,0.000,1.961,38.000,2.000,-82.700,12.500,125403.141
62471,,1076.000,3.000,88.627,8.610,37.000,14.060,2.353,25.000,53.800,11.000,99.013,11.754,125414.898,0.000,0.000,1.961,38.000,3.000,-511.800,12.400,125403.141
63494,,1005.500,5.000,38.824,9.160,37.000,14.060,7.451,25.000,53.800,11.000,99.013,11.756,125414.898,0.000,0.000,1.961,38.000,3.000,-511.800,12.400,125403.141
64494,,1005.500,1.000,47.843,8.270,37.000,14.060,7.451,25.000,53.800,11.000,99.013,11.756,125414.898,0.000,0.000,1.961,39.000,3.000,-511.800,12.400,125403.141
65545,,1294.000,1.000,99.608,8.270,37.000,13.940,4.706,25.000,53.800,11.000,99.013,11.757,125414.898,0.000,0.000,1.961,39.000,3.000,-511.800,12.400,125403.141
66570,,1294.000,0.000,100.000,12.300,37.000,13.940,4.706,25.000,53.800,12.000,99.013,11.757,125414.898,0.000,0.000,1.961,39.000,3.000,-511.800,12.400,125403.141
67595,,1327.500,4.000,100.000,12.550,37.000,13.940,4.706,25.000,53.800,12.000,99.013,11.757,125414.898,0.000,0.000,1.961,39.000,3.000,-511.800,12.400,125403.141
68645,,1081.000,4.000,100.000,12.550,37.000,14.060,4.706,25.000,53.800,13.000,99.013,11.759,125414.898,0.000,0.000,1.961,39.000,6.000,418.400,12.600,125403.141
69647,,1448.500,9.000,99.216,17.300,37.000,14.060,4.706,25.000,55.800,13.000,99.013,11.759,125414.898,0.000,0.000,1.961,39.000,6.000,418.400,12.600,125403.141
70771,,1923.000,13.000,85.882,22.130,37.000,14.060,4.706,25.000,55.800,16.000,99.013,11.763,125414.914,0.000,0.000,1.961,39.000,6.000,418.400,12.600,125403.148
71895,,2232.500,16.000,98.039,25.240,37.000,14.000,28.235,25.000,55.800,22.000,99.013,11.763,125414.914,0.000,0.000,1.961,39.000,6.000,418.400,12.600,125403.148
72920,,2232.500,16.000,90.980,25.240,37.000,14.000,28.235,25.000,55.800,22.000,99.013,11.768,125414.914,0.000,0.000,1.961,39.000,6.000,418.400,12.600,125403.148
73945,,2109.000,16.000,90.980,19.630,38.000,14.000,28.235,25.000,59.900,19.000,99.013,11.768,125414.914,0.000,0.000,1.961,40.000,6.000,418.400,12.600,125403.148
74969,,2109.000,16.000,86.275,19.630,38.000,14.020,14.902,25.000,59.900,19.000,99.013,11.774,125414.922,0.000,0.000,1.961,40.000,16.000,-1.300,12.700,125403.148
75996,,2031.000,15.000,89.412,15.740,38.000,14.020,14.902,25.000,64.100,16.000,99.013,11.774,125414.922,0.000,0.000,1.961,41.000,16.000,-1.300,12.700,125403.148
77020,,1664.500,10.000,6.667,13.020,39.000,14.020,14.902,25.000,64.100,16.000,99.013,11.779,125414.922,0.000,0.000,1.961,41.000,16.000,-1.300,12.700,125403.141
78044,,1026.500,4.000,51.765,13.020,39.000,14.020,10.196,25.000,68.200,13.000,99.013,11.779,125414.922,0.000,0.000,1.961,41.000,16.000,-1.300,12.700,125403.141
79069,,1055.000,4.000,49.412,9.110,39.000,14.020,10.196,25.000,68.200,13.000,99.013,11.781,125414.930,0.000,0.000,1.961,42.000,16.000,-1.300,12.700,125403.148
80194,,1218.000,1.000,49.412,9.110,40.000,14.080,10.196,25.000,70.200,11.000,99.013,11.781,125414.930,0.000,0.000,1.961,42.000,1.000,-158.400,12.700,125403.148
81344,,1467.500,0.000,99.608,10.610,40.000,14.080,9.412,25.000,72.300,14.000,99.013,11.782,125414.930,0.000,0.000,1.961,42.000,1.000,-158.400,12.700,125403.148
82571,,1001.500,0.000,100.000,11.690,40.000,14.080,9.412,25.000,72.300,14.000,99.013,11.782,125414.930,0.000,0.000,1.961,42.000,1.000,-158.400,12.700,125403.148
83670,,1259.500,3.000,99.608,13.970,40.000,13.980,9.412,25.000,74.300,16.000,99.013,11.782,125414.930,0.000,0.000,1.961,42.000,1.000,-158.400,12.700,125403.148
84769,,1349.500,8.000,97.255,17.740,41.000,13.980,1.961,25.000,78.400,17.000,99.013,11.784,125414.930,0.000,0.000,1.961,43.000,1.000,-158.400,12.700,125403.148
85845,,1769.000,13.000,65.098,18.220,41.000,14.060,1.961,25.000,78.400,17.000,99.013,11.787,125414.930,0.000,0.000,1.961,43.000,14.000,-296.800,12.700,125403.141
86869,,1593.000,16.000,57.647,18.830,41.000,14.060,0.392,25.000,82.600,21.000,99.013,11.787,125414.930,0.000,0.000,1.961,43.000,14.000,-296.800,12.700,125403.141
87869,,1273.000,20.000,99.608,16.490,42.000,14.000,0.392,25.000,86.700,16.000,99.013,11.791,125414.930,0.000,0.000,1.961,43.000,14.000,-296.800,12.700,125403.141
88970,,1677.000,24.000,99.216,22.160,42.000,14.000,28.627,25.000,90.800,19.000,99.013,11.795,125414.945,0.000,0.000,1.961,43.000,14.000,-296.800,12.700,125403.148
90020,,1222.500,25.000,58.824,12.130,42.000,14.000,28.627,25.000,90.800,19.000,99.013,11.801,125414.953,0.000,0.000,1.961,44.000,14.000,-296.800,12.700,125403.148
91096,,1194.500,26.000,100.000,13.470,42.000,14.020,8.235,25.000,94.800,14.000,99.013,11.807,125414.953,0.000,0.000,1.961,44.000,27.000,1.700,12.700,125403.148
92169,,1361.000,29.000,73.725,12.300,43.000,14.020,8.235,25.000,96.900,14.000,99.013,11.807,125414.953,0.000,0.000,1.961,45.000,27.000,1.700,12.700,125403.148
93169,,1416.500,33.000,29.804,11.360,43.000,14.000,8.235,25.000,101.200,13.000,99.013,11.814,125414.961,0.000,0.000,1.961,45.000,27.000,1.700,12.700,125403.148
94270,,1484.500,33.000,1.176,8.360,43.000,14.000,9.804,25.000,103.400,13.000,99.013,11.821,125414.969,0.000,0.000,1.961,45.000,27.000,1.700,12.700,125403.148
95270,,1496.000,33.000,3.529,8.910,43.000,14.060,9.804,25.000,103.400,11.000,99.013,11.829,125414.969,0.000,0.000,1.961,45.000,27.000,1.700,12.700,125403.141
96395,,1490.500,33.000,3.137,8.740,43.000,14.060,19.216,25.000,105.600,11.000,103.723,11.836,125414.984,0.000,0.000,1.961,45.000,33.000,12.100,12.700,125403.148
97420,,1492.500,33.000,0.000,8.880,44.000,14.020,19.216,25.000,110.200,11.000,103.723,11.836,125414.984,0.000,0.000,1.961,46.000,33.000,12.100,12.700,125403.148
98445,,1481.500,33.000,0.000,9.160,44.000,14.020,17.255,25.000,112.400,10.000,103.723,11.845,125414.992,0.000,0.000,1.961,46.000,33.000,12.100,12.700,125403.148
99445,,1485.500,33.000,0.000,9.020,44.000,14.020,17.255,25.000,112.400,10.000,108.432,11.853,125415.000,0.000,0.000,1.961,46.000,33.000,12.100,12.700,125403.148
100469,,1482.000,33.000,0.000,9.160,44.000,14.040,17.647,25.000,114.600,11.000,108.432,11.860,125415.008,0.000,0.000,1.961,46.000,33.000,12.100,12.700,125403.148
101469,,1449.000,33.000,0.000,8.970,44.000,14.040,17.647,25.000,116.800,11.000,108.432,11.860,125415.008,0.000,0.000,1.961,46.000,33.000,12.100,12.700,125403.148
102519,,1374.000,30.000,0.000,21.580,44.000,14.020,17.647,25.000,121.300,20.000,113.142,11.868,125415.008,0.000,0.000,1.961,46.000,32.000,23.300,12.700,125403.141
103595,,1228.000,26.000,0.000,20.410,44.000,14.020,0.000,25.000,121.300,20.000,117.851,11.877,125415.023,0.000,0.000,1.961,46.000,32.000,23.300,12.700,125403.148
104669,,1032.500,21.000,34.902,13.990,45.000,14.020,0.000,25.000,125.700,16.000,117.851,11.877,125415.023,0.000,0.000,1.961,47.000,32.000,23.300,12.700,125403.148
105745,,833.000,17.000,63.922,8.470,45.000,14.000,18.039,25.000,128.100,11.000,117.851,11.883,125415.031,0.000,0.000,1.961,47.000,32.000,23.300,12.700,125403.148
106846,,1030.000,9.000,35.686,8.410,45.000,14.000,18.039,25.000,130.300,11.000,122.561,11.886,125415.031,0.000,0.000,1.961,47.000,9.000,27.400,12.700,125403.148
107921,,894.000,9.000,89.020,7.720,45.000,14.040,3.529,25.000,130.300,10.000,127.270,11.889,125415.031,0.000,0.000,1.961,47.000,9.000,27.400,12.700,125403.141
109045,,1361.000,11.000,94.510,21.970,45.000,14.040,3.529,25.000,132.500,12.000,127.270,11.891,125415.039,0.000,0.000,1.961,47.000,9.000,27.400,12.700,125403.148
110045,,1342.500,16.000,95.686,15.520,45.000,14.060,3.529,25.000,134.700,19.000,127.270,11.891,125415.039,0.000,0.000,1.961,47.000,9.000,27.400,12.700,125403.148
111045,,1674.500,20.000,89.412,38.550,45.000,14.060,0.000,25.000,139.100,19.000,131.980,11.896,125415.039,0.000,0.000,1.961,47.000,9.000,27.400,12.700,125403.141
112095,,2043.000,28.000,61.569,38.550,45.000,14.060,0.000,25.000,139.100,31.000,131.980,11.902,125415.055,0.000,0.000,1.961,47.000,9.000,27.400,12.700,125403.148
113119,,2124.500,32.000,8.627,47.300,45.000,14.000,0.000,25.000,139.100,31.000,131.980,11.902,125415.055,0.000,0.000,1.961,47.000,32.000,15.500,12.700,125403.148
114169,,1351.500,32.000,65.098,18.740,45.000,14.000,0.784,25.000,145.800,34.000,141.399,11.913,125415.063,0.000,0.000,1.961,47.000,32.000,15.500,12.700,125403.148
115295,,1321.500,30.000,47.843,10.380,46.000,13.980,0.784,25.000,148.100,13.000,141.399,11.920,125415.070,0.000,0.000,1.961,48.000,32.000,15.500,12.700,125403.148
116320,,1257.500,28.000,67.059,10.380,46.000,13.980,2.353,25.000,150.400,13.000,141.399,11.920,125415.070,0.000,0.000,1.961,48.000,32.000,15.500,12.700,125403.148
117369,,1220.500,27.000,70.588,10.720,46.000,14.060,2.353,25.000,152.800,13.000,146.108,11.927,125415.070,0.000,0.000,1.961,48.000,32.000,15.500,12.700,125403.141
118394,,1215.500,27.000,81.961,9.970,46.000,14.060,5.098,25.000,152.800,12.000,146.108,11.932,125415.078,0.000,0.000,1.961,48.000,27.000,5.900,12.700,125403.148
119420,,1210.500,28.000,98.039,10.190,46.000,14.060,5.098,25.000,152.800,13.000,150.818,11.939,125415.078,0.000,0.000,1.961,49.000,27.000,5.900,12.700,125403.141
120521,,1327.500,29.000,99.216,25.800,47.000,14.000,5.098,25.000,155.100,21.000,150.818,11.945,125415.094,0.000,0.000,1.961,49.000,27.000,5.900,12.700,125403.148
121620,,1515.500,32.000,99.608,32.220,47.000,14.000,0.000,25.000,157.500,33.000,150.818,11.945,125415.094,0.000,0.000,1.961,49.000,27.000,5.900,12.700,125403.148
122670,,1877.000,41.000,98.431,53.470,47.000,14.060,0.000,25.000,159.900,33.000,150.818,11.954,125415.102,0.000,0.000,1.961,49.000,27.000,5.900,12.700,125403.148
123770,,1981.000,47.000,90.196,59.160,47.000,14.060,0.000,25.000,159.900,54.000,155.527,11.963,125415.109,0.000,0.000,1.961,49.000,47.000,26.700,12.700,125403.148
124870,,2317.000,51.000,99.216,70.220,48.000,14.060,0.000,25.000,164.600,71.000,160.237,11.976,125415.117,0.000,0.000,1.961,50.000,47.000,26.700,12.700,125403.141
125895,,2536.500,56.000,58.039,55.830,48.000,14.060,23.137,25.000,174.200,90.000,160.237,11.976,125415.117,0.000,0.000,1.961,50.000,47.000,26.700,12.700,125403.141
126945,,2517.500,56.000,53.333,52.240,48.000,14.060,23.137,25.000,186.200,51.000,164.946,11.989,125415.133,0.000,0.000,1.961,51.000,47.000,26.700,12.700,125403.141
127970,,2645.000,61.000,99.216,81.910,49.000,14.060,0.000,25.000,186.200,51.000,174.365,12.003,125415.148,0.000,0.000,1.961,51.000,47.000,26.700,12.700,125403.148
129070,,2773.500,62.000,14.902,69.800,49.000,14.060,0.000,25.000,200.600,97.000,188.494,12.017,125415.164,0.000,0.000,1.961,52.000,47.000,26.700,12.700,125403.148
130094,,2897.000,65.000,85.490,76.690,50.000,14.040,0.000,25.000,221.100,79.000,188.494,12.017,125415.164,0.000,0.000,1.961,52.000,62.000,19.500,12.700,125403.148
131119,,2944.500,66.000,20.392,85.490,50.000,14.040,0.000,25.000,239.200,88.000,202.623,12.032,125415.180,0.000,0.000,1.961,53.000,62.000,19.500,12.700,125403.148
132144,,2798.000,63.000,0.000,25.910,51.000,14.060,0.000,26.000,239.200,88.000,216.751,12.047,125415.187,0.000,0.000,1.961,53.000,62.000,19.500,12.700,125403.141
133145,,2710.500,60.000,98.431,67.740,51.000,14.060,0.000,26.000,252.300,42.000,235.589,12.061,125415.211,0.000,0.000,1.961,53.000,62.000,19.500,12.700,125403.148
134146,,2738.000,62.000,0.000,67.740,51.000,14.060,0.000,26.000,268.600,71.000,235.589,12.061,125415.211,0.000,0.000,1.961,54.000,62.000,19.500,12.700,125403.148
135194,,2608.000,57.000,0.000,22.440,53.000,14.020,14.902,26.000,268.600,71.000,249.718,12.078,125415.219,0.000,0.000,1.961,54.000,58.000,4.400,12.700,125403.141
136246,,2318.500,52.000,0.000,22.440,53.000,14.020,14.902,26.000,276.600,33.000,259.137,12.091,125415.242,0.000,0.000,1.961,55.000,58.000,4.400,12.700,125403.148
137321,,2065.000,47.000,0.000,18.520,54.000,14.020,14.902,26.000,282.200,26.000,273.266,12.104,125415.250,0.000,0.000,1.961,55.000,58.000,4.400,12.700,125403.148
138394,,2015.000,44.000,94.510,42.130,54.000,14.020,7.059,27.000,287.500,33.000,273.266,12.104,125415.250,0.000,0.000,1.961,55.000,58.000,4.400,12.700,125403.148
139395,,2095.000,46.000,83.922,60.440,54.000,14.060,7.059,27.000,292.900,73.000,277.975,12.114,125415.258,0.000,0.000,1.961,56.000,58.000,4.400,12.700,125403.141
140395,,2364.000,50.000,99.608,67.580,54.000,14.060,0.000,27.000,292.900,73.000,282.685,12.125,125415.273,0.000,0.000,1.961,56.000,53.000,-0.900,12.600,125403.148
141419,,2574.500,58.000,99.608,79.630,55.000,14.060,0.000,27.000,295.600,106.000,287.394,12.138,125415.281,0.000,0.000,1.961,57.000,53.000,-0.900,12.600,125403.141
142420,,2449.500,55.000,0.000,22.740,55.000,14.060,9.804,27.000,304.000,69.000,287.394,12.138,125415.281,0.000,0.000,1.961,57.000,53.000,-0.900,12.600,125403.141
143446,,2333.000,51.000,0.000,19.160,55.000,14.060,9.804,28.000,307.100,31.000,296.813,12.151,125415.297,0.000,0.000,1.961,58.000,53.000,-0.900,12.600,125403.148
144469,,1992.000,45.000,0.000,15.300,56.000,14.060,4.706,28.000,310.000,31.000,301.523,12.162,125415.312,0.000,0.000,1.961,58.000,53.000,-0.900,12.600,125403.148
145521,,1689.000,41.000,0.000,13.330,56.000,14.060,4.706,28.000,310.000,24.000,301.523,12.172,125415.320,0.000,0.000,1.961,58.000,38.000,-54.600,12.600,125403.148
146569,,1577.000,37.000,52.157,11.020,57.000,14.060,4.706,28.000,310.000,20.000,301.523,12.172,125415.320,0.000,0.000,1.961,59.000,38.000,-54.600,12.600,125403.148
147670,,1581.000,34.000,99.608,26.690,57.000,14.020,0.000,28.000,312.900,35.000,306.232,12.183,125415.328,0.000,0.000,1.961,59.000,38.000,-54.600,12.600,125403.148
148719,,1790.000,39.000,86.275,39.660,57.000,14.020,0.000,29.000,312.900,35.000,306.232,12.190,125415.336,0.000,0.000,1.961,59.000,38.000,-54.600,12.600,125403.148
149720,,1880.000,44.000,69.412,48.990,57.000,14.020,10.980,29.000,312.900,62.000,310.942,12.201,125415.352,0.000,0.000,1.961,59.000,38.000,-54.600,12.600,125403.148
150746,,1935.000,43.000,49.804,30.770,57.000,14.020,10.980,29.000,315.800,58.000,310.942,12.210,125415.359,0.000,0.000,1.961,59.000,38.000,-54.600,12.600,125403.148
151770,,1838.500,41.000,43.137,17.410,57.000,14.060,10.980,29.000,315.800,28.000,310.942,12.210,125415.359,0.000,0.000,1.961,59.000,43.000,6.900,12.600,125403.148
152795,,1822.500,41.000,99.216,20.830,57.000,14.060,0.000,29.000,312.900,30.000,310.942,12.219,125415.367,0.000,0.000,1.961,59.000,43.000,6.900,12.600,125403.148
153869,,1887.500,42.000,99.608,21.270,58.000,14.060,0.000,30.000,312.900,30.000,310.942,12.229,125415.383,0.000,0.000,1.961,60.000,43.000,6.900,12.600,125403.156
154869,,1936.000,42.000,98.039,27.860,58.000,14.040,14.118,30.000,312.900,32.000,310.942,12.239,125415.391,0.000,0.000,1.961,60.000,43.000,6.900,12.600,125403.148
155897,,1970.500,44.000,30.196,17.660,58.000,14.040,14.118,30.000,312.900,34.000,310.942,12.247,125415.391,0.000,0.000,1.961,61.000,43.000,6.900,12.600,125403.141
156919,,1916.000,42.000,98.039,15.770,58.000,14.020,2.745,30.000,312.900,30.000,310.942,12.247,125415.391,0.000,0.000,1.961,61.000,43.000,1.200,12.600,125403.141
157920,,2014.000,45.000,83.529,36.470,58.000,14.020,2.745,30.000,312.900,30.000,310.942,12.258,125415.406,0.000,0.000,1.961,61.000,43.000,1.200,12.600,125403.148
158994,,2422.000,51.000,96.863,78.110,59.000,14.020,2.745,30.000,312.900,83.000,310.942,12.270,125415.422,0.000,0.000,1.961,61.000,43.000,1.200,12.600,125403.148
160022,,2610.500,58.000,93.725,60.330,59.000,14.020,0.000,30.000,310.000,121.000,310.942,12.283,125415.430,0.000,0.000,1.961,61.000,43.000,1.200,12.600,125403.148
161071,,2692.500,61.000,0.000,29.550,59.000,14.020,0.000,30.000,312.900,121.000,310.942,12.283,125415.430,0.000,0.000,1.961,62.000,43.000,1.200,12.600,125403.148
162144,,2692.500,59.000,0.000,29.550,60.000,14.020,5.490,30.000,312.900,49.000,310.942,12.298,125415.445,0.000,0.000,1.961,62.000,43.000,1.200,12.600,125403.148
163170,,2609.000,57.000,0.000,22.220,60.000,14.020,5.490,30.000,312.900,35.000,310.942,12.298,125415.445,0.000,0.000,1.961,62.000,58.000,1.000,12.600,125403.148
164395,,2507.500,57.000,0.000,21.440,61.000,14.020,5.490,30.000,312.900,35.000,310.942,12.321,125415.469,0.000,0.000,1.961,63.000,58.000,1.000,12.600,125403.148
165396,,2432.000,55.000,0.000,25.610,61.000,14.020,14.902,31.000,312.900,34.000,310.942,12.336,125415.477,0.000,0.000,1.961,63.000,58.000,1.000,12.600,125403.141
166470,,2512.000,55.000,61.569,43.240,61.000,14.020,14.902,31.000,312.900,49.000,310.942,12.336,125415.477,0.000,0.000,1.961,64.000,58.000,1.000,12.600,125403.141
167471,,2485.500,56.000,7.843,28.610,61.000,14.020,10.588,31.000,312.900,49.000,310.942,12.350,125415.500,0.000,0.000,1.961,64.000,58.000,1.000,12.600,125403.148
168546,,2419.500,54.000,0.000,21.330,61.000,14.020,10.588,31.000,312.900,43.000,310.942,12.363,125415.508,0.000,0.000,1.961,64.000,55.000,23.700,12.600,125403.141
169619,,2396.000,53.000,0.000,20.240,62.000,14.020,10.588,31.000,310.000,32.000,310.942,12.375,125415.516,0.000,0.000,1.961,64.000,55.000,23.700,12.600,125403.141
170720,,2377.500,53.000,85.098,21.470,62.000,14.020,12.941,31.000,310.000,35.000,306.232,12.388,125415.531,0.000,0.000,1.961,64.000,55.000,23.700,12.600,125403.141
171770,,2697.500,59.000,91.373,84.690,62.000,14.020,12.941,31.000,307.100,120.000,306.232,12.388,125415.531,0.000,0.000,1.961,64.000,55.000,23.700,12.600,125403.141
172795,,2993.500,66.000,28.627,92.380,62.000,14.020,0.000,31.000,304.000,120.000,306.232,12.401,125415.547,0.000,0.000,1.961,64.000,55.000,23.700,12.600,125403.148
173820,,2963.500,68.000,0.000,28.610,62.000,14.020,0.000,31.000,304.000,128.000,306.232,12.416,125415.555,0.000,0.000,1.961,65.000,68.000,2.700,12.700,125403.141
174894,,2877.500,66.000,0.000,24.440,63.000,14.060,15.294,31.000,304.000,49.000,301.523,12.432,125415.578,0.000,0.000,1.961,65.000,68.000,2.700,12.700,125403.148
175995,,2478.500,57.000,0.000,20.360,63.000,14.060,15.294,32.000,301.000,37.000,301.523,12.432,125415.578,0.000,0.000,1.961,66.000,68.000,2.700,12.700,125403.148
177119,,2228.000,51.000,3.922,18.130,64.000,14.020,18.431,32.000,301.000,31.000,301.523,12.447,125415.586,0.000,0.000,1.961,66.000,68.000,2.700,12.700,125403.141
178171,,2199.500,49.000,23.922,18.940,64.000,14.020,18.431,32.000,301.000,31.000,301.523,12.459,125415.609,0.000,0.000,1.961,66.000,68.000,2.700,12.700,125403.148
179195,,2236.500,50.000,96.078,32.020,64.000,14.020,18.431,32.000,301.000,36.000,296.813,12.472,125415.617,0.000,0.000,1.961,66.000,49.000,31.300,12.600,125403.148
180244,,2557.000,55.000,95.686,73.440,64.000,14.060,0.000,32.000,298.300,109.000,296.813,12.472,125415.617,0.000,0.000,1.961,66.000,49.000,31.300,12.600,125403.148
181245,,2612.500,59.000,18.039,36.190,64.000,14.060,0.000,32.000,298.300,109.000,296.813,12.485,125415.625,0.000,0.000,1.961,67.000,49.000,31.300,12.600,125403.141
182245,,2650.000,58.000,94.118,74.800,64.000,14.020,3.137,32.000,298.300,70.000,296.813,12.499,125415.648,0.000,0.000,1.961,67.000,49.000,31.300,12.600,125403.148
183294,,2678.000,61.000,11.765,48.880,64.000,14.020,3.137,32.000,295.600,107.000,296.813,12.513,125415.656,0.000,0.000,1.961,67.000,49.000,31.300,12.600,125403.141
184295,,2632.500,60.000,0.000,24.190,65.000,14.020,4.706,32.000,298.300,49.000,296.813,12.513,125415.656,0.000,0.000,1.961,67.000,59.000,-0.700,12.600,125403.141
185369,,2418.000,56.000,0.000,21.130,65.000,14.020,4.706,32.000,298.300,49.000,296.813,12.527,125415.680,0.000,0.000,1.961,68.000,59.000,-0.700,12.600,125403.156
186369,,2049.000,46.000,0.000,17.740,66.000,14.020,4.706,32.000,298.300,32.000,296.813,12.539,125415.688,0.000,0.000,1.961,68.000,59.000,-0.700,12.600,125403.148
187395,,1969.500,43.000,0.000,15.220,66.000,14.060,3.529,32.000,298.300,26.000,296.813,12.550,125415.695,0.000,0.000,1.961,68.000,59.000,-0.700,12.600,125403.148
188571,,1828.500,41.000,0.000,13.860,67.000,14.060,3.529,32.000,298.300,23.000,296.813,12.559,125415.711,0.000,0.000,1.961,69.000,59.000,-0.700,12.600,125403.156
189621,,1847.000,41.000,94.902,16.610,67.000,14.020,15.686,32.000,298.300,27.000,296.813,12.559,125415.711,0.000,0.000,1.961,69.000,41.000,-8.000,12.700,125403.156
190670,,1931.000,42.000,96.471,34.990,67.000,14.020,15.686,32.000,298.300,27.000,296.813,12.570,125415.719,0.000,0.000,1.961,69.000,41.000,-8.000,12.700,125403.148
191694,,2071.000,44.000,69.804,53.220,67.000,14.020,0.000,32.000,298.300,48.000,296.813,12.580,125415.727,0.000,0.000,1.961,69.000,41.000,-8.000,12.700,125403.148
192746,,2291.000,50.000,39.608,33.110,67.000,14.020,0.000,32.000,298.300,72.000,296.813,12.591,125415.734,0.000,0.000,1.961,70.000,41.000,-8.000,12.700,125403.141
193944,,2314.500,52.000,40.784,25.330,67.000,14.020,0.000,32.000,298.300,45.000,296.813,12.603,125415.750,0.000,0.000,1.961,70.000,41.000,-8.000,12.700,125403.148
195020,,2411.500,56.000,98.039,63.270,67.000,14.020,0.000,32.000,295.600,45.000,296.813,12.603,125415.750,0.000,0.000,1.961,70.000,57.000,-20.100,12.600,125403.148
196044,,2518.000,55.000,0.000,26.220,68.000,14.020,0.000,32.000,295.600,77.000,296.813,12.619,125415.766,0.000,0.000,1.961,70.000,57.000,-20.100,12.600,125403.148
197171,,2271.000,49.000,0.000,20.160,68.000,14.020,4.314,32.000,295.600,35.000,292.104,12.632,125415.773,0.000,0.000,1.961,70.000,57.000,-20.100,12.600,125403.141
198220,,2115.500,46.000,57.647,31.940,68.000,14.020,4.314,32.000,295.600,28.000,292.104,12.632,125415.773,0.000,0.000,1.961,71.000,57.000,-20.100,12.600,125403.141
199220,,2175.500,49.000,98.824,60.770,68.000,14.020,0.000,32.000,295.600,72.000,292.104,12.644,125415.789,0.000,0.000,1.961,71.000,57.000,-20.100,12.600,125403.148
200320,,2506.500,55.000,49.804,52.220,68.000,14.020,0.000,32.000,295.600,72.000,292.104,12.654,125415.797,0.000,0.000,1.961,71.000,57.000,-2.000,12.700,125403.141
201345,,2515.000,57.000,0.000,24.110,69.000,14.060,0.000,32.000,295.600,63.000,292.104,12.668,125415.820,0.000,0.000,1.961,71.000,57.000,-2.000,12.700,125403.156
202471,,2483.000,55.000,0.000,21.800,69.000,14.060,5.490,32.000,295.600,36.000,292.104,12.680,125415.828,0.000,0.000,1.961,72.000,57.000,-2.000,12.700,125403.148
203595,,2423.000,55.000,0.000,20.270,69.000,14.060,5.490,32.000,298.300,33.000,296.813,12.691,125415.836,0.000,0.000,1.961,72.000,57.000,-2.000,12.700,125403.148
204622,,2381.000,53.000,0.000,20.110,69.000,14.040,5.490,32.000,298.300,31.000,296.813,12.702,125415.844,0.000,0.000,1.961,72.000,57.000,-2.000,12.700,125403.141
205721,,2340.500,52.000,0.000,19.240,70.000,14.040,5.490,32.000,298.300,30.000,296.813,12.702,125415.844,0.000,0.000,1.961,72.000,52.000,-21.400,12.600,125403.141
206844,,2279.000,50.000,0.000,18.970,70.000,14.060,0.000,32.000,298.300,30.000,296.813,12.716,125415.867,0.000,0.000,1.961,72.000,52.000,-21.400,12.600,125403.148
207894,,2221.500,49.000,0.000,35.610,70.000,14.060,0.000,32.000,298.300,51.000,296.813,12.729,125415.875,0.000,0.000,1.961,72.000,52.000,-21.400,12.600,125403.148
208919,,2158.500,48.000,0.000,34.520,70.000,14.020,0.000,31.000,295.600,54.000,296.813,12.729,125415.875,0.000,0.000,1.961,72.000,52.000,-21.400,12.600,125403.148
209920,,2125.000,47.000,0.000,34.080,70.000,14.020,0.000,31.000,295.600,53.000,296.813,12.742,125415.883,0.000,0.000,1.961,72.000,52.000,-21.400,12.600,125403.141
210969,,1965.000,46.000,0.000,31.800,70.000,14.020,0.000,31.000,295.600,53.000,292.104,12.752,125415.898,0.000,0.000,1.961,72.000,52.000,-21.400,12.600,125403.148
212046,,1965.000,37.000,0.000,31.800,70.000,14.020,0.000,31.000,290.200,46.000,292.104,12.752,125415.898,0.000,0.000,1.961,72.000,41.000,-9.900,12.600,125403.148
213119,,1581.000,34.000,0.000,24.910,70.000,14.020,0.000,31.000,284.800,46.000,287.394,12.767,125415.914,0.000,0.000,1.961,72.000,41.000,-9.900,12.600,125403.148
214296,,1492.000,33.000,0.000,23.580,70.000,14.040,0.000,31.000,284.800,37.000,282.685,12.777,125415.930,0.000,0.000,1.961,72.000,41.000,-9.900,12.600,125403.156
215319,,1376.000,31.000,0.000,22.410,70.000,14.040,0.000,31.000,279.300,35.000,282.685,12.777,125415.930,0.000,0.000,1.961,72.000,41.000,-9.900,12.600,125403.156
216419,,1243.500,29.000,0.000,20.990,70.000,14.080,0.000,31.000,273.900,32.000,282.685,12.785,125415.930,0.000,0.000,1.961,72.000,41.000,-9.900,12.600,125403.148
217420,,1203.000,27.000,0.000,18.630,70.000,14.080,0.000,31.000,268.600,32.000,277.975,12.792,125415.937,0.000,0.000,1.961,72.000,27.000,0.100,12.600,125403.148
218420,,1183.000,26.000,1.176,17.800,70.000,14.080,0.000,31.000,268.600,29.000,273.266,12.798,125415.945,0.000,0.000,1.961,72.000,27.000,0.100,12.600,125403.148
219620,,1151.000,26.000,3.137,17.550,70.000,14.020,0.000,31.000,265.900,28.000,268.556,12.804,125415.945,0.000,0.000,1.961,72.000,27.000,0.100,12.600,125403.141
220694,,997.500,25.000,20.784,14.220,70.000,14.020,0.000,31.000,260.500,26.000,268.556,12.804,125415.945,0.000,0.000,1.961,72.000,27.000,0.100,12.600,125403.141
221769,,892.500,18.000,35.686,7.580,70.000,14.060,9.412,31.000,255.000,15.000,263.847,12.810,125415.953,0.000,0.000,1.961,72.000,27.000,0.100,12.600,125403.141
222794,,897.000,11.000,34.510,7.740,70.000,14.060,9.412,31.000,255.000,15.000,259.137,12.814,125415.953,0.000,0.000,1.961,72.000,15.000,-0.600,12.600,125403.141
223794,,899.500,5.000,36.471,7.690,70.000,14.000,15.294,31.000,252.300,14.000,254.427,12.816,125415.969,0.000,0.000,1.961,72.000,15.000,-0.600,12.600,125403.156
224795,,862.500,3.000,32.549,7.050,70.000,14.000,15.294,31.000,249.600,13.000,254.427,12.816,125415.969,0.000,0.000,1.961,72.000,15.000,-0.600,12.600,125403.156
225795,,807.000,2.000,35.294,7.050,70.000,14.000,15.294,31.000,247.100,13.000,249.718,12.817,125415.969,0.000,0.000,1.961,72.000,15.000,-0.600,12.600,125403.148
226795,,1062.000,3.000,82.353,16.050,70.000,14.060,18.039,31.000,247.100,13.000,245.008,12.818,125415.969,0.000,0.000,1.961,72.000,15.000,-0.600,12.600,125403.148
227797,,1796.000,6.000,71.373,13.630,70.000,14.060,18.039,31.000,244.300,23.000,245.008,12.818,125415.969,0.000,0.000,1.961,72.000,6.000,-30.700,12.700,125403.148
228844,,1477.500,9.000,9.412,13.940,70.000,14.060,0.000,31.000,241.800,22.000,245.008,12.819,125415.969,0.000,0.000,1.961,72.000,6.000,-30.700,12.700,125403.148
229895,,974.000,8.000,22.745,8.580,70.000,14.060,0.000,31.000,236.600,16.000,240.299,12.821,125415.969,0.000,0.000,1.961,72.000,6.000,-30.700,12.700,125403.148
230945,,947.000,7.000,21.569,8.130,70.000,14.020,0.000,31.000,236.600,16.000,235.589,12.823,125415.969,0.000,0.000,1.961,72.000,6.000,-30.700,12.700,125403.148
232020,,874.500,5.000,39.216,7.270,70.000,14.020,14.902,31.000,234.100,14.000,235.589,12.824,125415.969,0.000,0.000,1.961,72.000,6.000,-30.700,12.700,125403.141
233070,,861.000,2.000,34.902,7.020,70.000,14.020,14.902,31.000,231.500,13.000,235.589,12.824,125415.969,0.000,0.000,1.961,72.000,3.000,0.700,12.700,125403.141
234194,,815.000,1.000,36.078,6.830,70.000,14.020,0.784,31.000,229.000,13.000,230.880,12.825,125415.969,0.000,0.000,1.961,72.000,3.000,0.700,12.700,125403.141
235220,,785.500,1.000,38.039,6.940,70.000,14.020,0.784,31.000,226.400,13.000,230.880,12.826,125415.977,0.000,0.000,1.961,72.000,3.000,0.700,12.700,125403.148
236245,,788.000,1.000,38.431,6.660,70.000,14.020,0.784,31.000,226.400,12.000,226.170,12.826,125415.977,0.000,0.000,1.961,72.000,3.000,0.700,12.700,125403.148
237319,,792.500,1.000,38.431,6.690,70.000,14.020,15.686,31.000,223.800,12.000,226.170,12.826,125415.977,0.000,0.000,1.961,72.000,3.000,0.700,12.700,125403.148
238344,,1134.000,1.000,85.882,8.410,70.000,14.020,15.686,31.000,221.100,12.000,221.461,12.826,125415.977,0.000,0.000,1.961,72.000,2.000,-4.500,12.600,125403.148
239444,,861.500,3.000,37.255,7.660,70.000,14.040,5.098,31.000,221.100,13.000,221.461,12.828,125415.977,0.000,0.000,1.961,72.000,2.000,-4.500,12.600,125403.148
240469,,789.500,3.000,36.863,7.110,70.000,14.040,5.098,31.000,218.500,13.000,221.461,12.828,125415.977,0.000,0.000,1.961,72.000,2.000,-4.500,12.600,125403.148
241570,,789.500,1.000,38.824,6.860,70.000,14.020,16.471,31.000,216.000,12.000,216.751,12.828,125415.977,0.000,0.000,1.961,72.000,2.000,-4.500,12.600,125403.148
242594,,789.000,1.000,39.608,6.860,70.000,14.020,16.471,31.000,213.400,12.000,216.751,12.829,125415.977,0.000,0.000,1.961,72.000,2.000,-4.500,12.600,125403.148
243670,,787.000,0.000,40.000,6.660,70.000,14.020,16.471,31.000,213.400,12.000,212.042,12.829,125415.977,0.000,0.000,1.961,72.000,0.000,-13.100,12.700,125403.148
244770,,790.500,0.000,49.412,6.720,70.000,14.020,7.059,31.000,210.800,12.000,212.042,12.829,125415.977,0.000,0.000,1.961,72.000,0.000,-13.100,12.700,125403.148
245794,,790.500,0.000,49.412,6.690,69.000,14.020,7.059,31.000,210.800,12.000,212.042,12.829,125415.977,0.000,0.000,1.961,72.000,0.000,-13.100,12.700,125403.148
246819,,792.000,0.000,47.059,6.740,69.000,14.020,1.961,31.000,208.300,12.000,207.332,12.829,125415.977,0.000,0.000,1.961,72.000,0.000,-13.100,12.700,125403.148
247919,,792.000,0.000,47.843,6.800,70.000,14.020,1.961,31.000,208.300,12.000,207.332,12.829,125415.977,0.000,0.000,1.961,72.000,0.000,-13.100,12.700,125403.148
249069,,787.000,0.000,49.412,6.860,70.000,14.020,14.510,31.000,205.700,12.000,207.332,12.829,125415.977,0.000,0.000,1.961,72.000,0.000,-13.100,12.600,125403.148
250095,,792.000,0.000,48.627,6.690,70.000,14.020,14.510,31.000,203.200,12.000,207.332,12.829,125415.977,0.000,0.000,1.961,72.000,0.000,-13.100,12.600,125403.148
251120,,791.000,0.000,48.235,6.580,69.000,14.060,14.510,31.000,203.200,12.000,202.623,12.829,125415.977,0.000,0.000,1.961,72.000,0.000,-13.100,12.600,125403.148
252272,,790.500,0.000,48.235,6.690,69.000,14.060,12.941,31.000,200.600,12.000,202.623,12.829,125415.977,0.000,0.000,1.961,72.000,0.000,-13.100,12.600,125403.148
253344,,792.000,0.000,48.235,6.660,69.000,14.060,12.941,31.000,200.600,12.000,202.623,12.829,125415.977,0.000,0.000,1.961,72.000,0.000,-13.100,12.600,125403.148
254447,,791.500,0.000,47.059,6.580,69.000,14.060,7.451,31.000,200.600,12.000,197.913,12.829,125415.977,0.000,0.000,1.961,72.000,0.000,-13.100,12.700,125403.148
255694,,790.000,0.000,50.196,6.550,69.000,14.060,7.451,31.000,200.600,12.000,197.913,12.829,125415.977,0.000,0.000,1.961,72.000,0.000,-13.100,12.700,125403.148
256719,,983.500,0.000,22.745,11.940,69.000,14.020,18.431,31.000,198.000,22.000,197.913,12.829,125415.977,0.000,0.000,1.961,72.000,0.000,-13.100,12.700,125403.148
257819,,791.000,0.000,44.706,7.610,69.000,14.020,18.431,31.000,195.700,14.000,197.913,12.829,125415.977,0.000,0.000,1.961,72.000,0.000,-13.100,12.700,125403.148
258819,,792.000,0.000,45.098,7.110,69.000,14.020,15.686,31.000,193.300,14.000,193.204,12.829,125415.977,0.000,0.000,1.961,72.000,0.000,-13.100,12.700,125403.148
259871,,1350.500,0.000,94.902,6.910,69.000,14.020,15.686,31.000,193.300,12.000,193.204,12.829,125415.977,0.000,0.000,1.961,72.000,0.000,-13.100,12.700,125403.148
260970,,860.000,0.000,14.510,13.220,69.000,14.020,15.686,31.000,193.300,20.000,193.204,12.829,125415.977,0.000,0.000,1.961,72.000,0.000,-13.100,12.700,125403.148
262044,,792.500,0.000,42.745,7.270,69.000,14.040,16.863,31.000,193.300,20.000,193.204,12.829,125415.977,0.000,0.000,1.961,72.000,0.000,-13.100,12.700,125403.148
263272,,792.500,0.000,45.490,7.270,69.000,14.040,16.863,31.000,188.600,13.000,193.204,12.829,125415.977,0.000,0.000,1.961,72.000,0.000,-13.100,12.700,125403.148
264294,,791.500,0.000,47.843,6.800,69.000,14.040,16.863,31.000,188.600,13.000,188.494,12.829,125415.977,0.000,0.000,1.961,72.000,0.000,-13.100,12.700,125403.148
265345,,793.000,0.000,47.059,6.860,69.000,14.020,15.686,31.000,188.600,12.000,188.494,12.829,125415.977,0.000,0.000,1.961,72.000,0.000,-13.100,12.700,125403.148
266395,,792.500,0.000,47.451,6.740,69.000,14.020,15.686,31.000,186.200,12.000,188.494,12.829,125415.977,0.000,0.000,1.961,72.000,0.000,-13.100,12.700,125403.148
267494,,789.500,0.000,47.843,6.550,69.000,14.020,12.941,31.000,186.200,12.000,188.494,12.829,125415.977,0.000,0.000,1.961,72.000,0.000,-13.100,12.700,125403.148
268521,,792.500,0.000,47.451,6.800,69.000,14.020,12.941,31.000,186.200,12.000,183.785,12.829,125415.977,0.000,0.000,1.961,72.000,0.000,-13.100,12.700,125403.148
269569,,790.500,0.000,47.059,6.740,69.000,14.020,12.941,31.000,186.200,12.000,183.785,12.829,125415.977,0.000,0.000,1.961,72.000,0.000,-13.100,12.700,125403.148
270596,,790.500,0.000,48.235,6.660,69.000,14.020,13.725,31.000,183.800,11.000,183.785,12.829,125415.977,0.000,0.000,1.961,72.000,0.000,-13.100,12.700,125403.148
271620,,789.500,0.000,47.843,6.800,69.000,14.020,13.725,31.000,183.800,11.000,183.785,12.829,125415.977,0.000,0.000,1.961,72.000,0.000,-13.100,12.700,125403.148
272746,,793.500,0.000,47.451,6.660,69.000,14.000,16.078,31.000,183.800,12.000,183.785,12.829,125415.977,0.000,0.000,1.961,72.000,0.000,-13.100,12.700,125403.148
273947,,791.500,0.000,48.235,6.660,69.000,14.000,16.078,31.000,183.800,11.000,183.785,12.829,125415.977,0.000,0.000,1.961,72.000,0.000,-13.100,12.700,125403.148
274994,,791.500,0.000,48.235,6.660,69.000,14.020,12.941,31.000,181.500,11.000,183.785,12.829,125415.977,0.000,0.000,1.961,72.000,0.000,-13.100,12.700,125403.148
276069,,792.000,0.000,47.059,6.770,69.000,14.020,12.941,31.000,181.500,12.000,179.075,12.829,125415.977,0.000,0.000,1.961,72.000,0.000,-13.100,12.700,125403.148
277094,,793.000,0.000,47.059,6.660,69.000,14.020,12.941,31.000,181.500,12.000,179.075,12.829,125415.977,0.000,0.000,1.961,72.000,0.000,-13.100,12.700,125403.148
278121,,790.000,0.000,48.627,6.690,69.000,14.020,14.902,31.000,181.500,11.000,179.075,12.829,125415.977,0.000,0.000,1.961,72.000,0.000,-13.100,12.700,125403.148
279245,,791.500,0.000,48.627,6.660,69.000,14.020,14.902,31.000,181.500,11.000,179.075,12.829,125415.977,0.000,0.000,1.961,72.000,0.000,-13.100,12.700,125403.148
280294,,790.500,0.000,46.275,6.660,69.000,14.020,13.333,31.000,181.500,11.000,179.075,12.829,125415.977,0.000,0.000,1.961,72.000,0.000,-13.100,12.700,125403.148
